timestamp	time	fix	state	rawx	rawy	avgx	avgy	psize	Lrawx	Lrawy	Lavgx	Lavgy	Lpsize	Lpupilx	Lpupily	Rrawx	Rrawy	Ravgx	Ravgy	Rpsize	Rpupilx	Rpupily
MSG	2016-12-27 00:21:54.623	1055997057	start_recording
MSG	2016-12-27 00:21:54.626	1055997057	image_on
MSG	2016-12-27 00:21:54.626	1055997057	image.jpg
2016-12-27 00:21:54.198	1055997078	True	7	1581.4666	77.6446	1549.2678	83.2148	24.0392	1585.0458	70.1654	1559.1053	71.7394	23.1118	0.4215	0.5005	1577.8872	85.1237	1559.7872	92.9902	24.9666	0.6569	0.5073
2016-12-27 00:21:54.212	1055997092	True	7	1576.3774	86.1574	1549.8608	83.4088	24.04475	1582.0758	77.6539	1561.0447	72.0057	23.0806	0.4213	0.5006	1570.679	94.661	1560.9729	92.7724	25.0089	0.6567	0.5075
2016-12-27 00:21:54.227	1055997107	True	7	1569.0718	85.9297	1550.5425	83.5311	24.14885	1567.8104	75.6756	1562.0977	72.171	23.2884	0.4211	0.5008	1570.3331	96.1839	1562.0614	92.6821	25.0093	0.6565	0.5074
2016-12-27 00:21:54.244	1055997124	True	7	1527.932	95.4661	1551.1748	83.4614	24.0407	1529.5604	73.3783	1560.9299	72.2162	23.1485	0.4201	0.5008	1526.3036	117.5538	1560.627	93.8175	24.9329	0.6556	0.5073
2016-12-27 00:21:54.261	1055997141	True	7	1508.0769	102.382	1551.6812	83.7177	24.3302	1497.4639	87.1458	1557.8903	73.0306	23.4869	0.4198	0.501	1518.6898	117.6183	1558.6946	94.9922	25.1735	0.6554	0.5072
2016-12-27 00:21:54.281	1055997161	True	7	1500.9631	101.0652	1552.0216	83.8779	24.1113	1490.0713	82.2166	1554.3677	73.5714	23.3838	0.4198	0.501	1511.8551	119.9139	1556.3204	96.3199	24.8388	0.6553	0.5073
2016-12-27 00:21:54.294	1055997174	True	7	1512.5863	96.9764	1552.2174	83.9753	24.098	1503.7151	76.2563	1551.5509	73.7816	23.2385	0.4198	0.5009	1521.4575	117.6964	1554.4318	97.5416	24.9575	0.6553	0.5073
2016-12-27 00:21:54.311	1055997191	True	7	1507.8262	98.5706	1552.2496	84.0461	24.06225	1504.4607	75.1051	1548.7478	73.9247	23.2885	0.4198	0.5009	1511.1917	122.0362	1551.9456	99.0114	24.836	0.6552	0.5074
2016-12-27 00:21:54.327	1055997207	True	7	1512.5459	102.0905	1552.1821	84.4596	24.22125	1502.5388	87.7518	1545.8346	74.7634	23.4031	0.4198	0.5011	1522.5531	116.4292	1550.0787	100.168	25.0394	0.6553	0.5074
2016-12-27 00:21:54.344	1055997224	True	7	1506.1073	107.919	1551.8102	84.0209	24.2072	1507.3844	83.498	1543.207	75.3585	23.4824	0.4198	0.5011	1504.8302	132.34	1547.2332	102.1948	24.932	0.6552	0.5077
2016-12-27 00:21:54.361	1055997241	True	7	1507.2725	94.9981	1551.3809	84.2726	24.23815	1510.4637	78.5276	1540.7849	75.6659	23.479	0.4199	0.501	1504.0812	111.4685	1544.3669	103.0426	24.9973	0.6551	0.5075
2016-12-27 00:21:54.377	1055997257	True	7	1514.3422	92.3555	1550.8275	84.6247	24.1634	1511.7476	68.3071	1538.4869	75.3932	23.2625	0.4199	0.5009	1516.9368	116.4038	1542.255	104.1336	25.0643	0.6552	0.5078
2016-12-27 00:21:54.394	1055997274	True	7	1511.8259	106.8937	1550.1271	84.9392	24.29245	1513.4261	85.6316	1536.349	76.0665	23.5225	0.4199	0.5013	1510.2256	128.1558	1539.8273	105.8391	25.0624	0.6552	0.5082
2016-12-27 00:21:54.411	1055997291	True	7	1493.0743	124.1208	1549.1704	84.5493	24.10235	1497.0763	90.6552	1533.392	77.0012	23.314	0.4197	0.5016	1489.0724	157.5863	1536.3013	109.1315	24.8907	0.6547	0.5087
2016-12-27 00:21:54.427	1055997307	True	7	1459.6494	329.3925	1546.7854	85.8084	20.216	1459.6494	329.3925	1459.6494	329.3925	20.216	0.4187	0.5038	0.0	0.0	0.0	0.0	0.0	0.0	0.0
2016-12-27 00:21:54.444	1055997324	False	4	0.0	0.0	0.0	0.0	0.0	0.0	0.0	0.0	0.0	0.0	0.0	0.0	0.0	0.0	0.0	0.0	0.0	0.0	0.0
2016-12-27 00:21:54.461	1055997341	False	4	0.0	0.0	0.0	0.0	0.0	0.0	0.0	0.0	0.0	0.0	0.0	0.0	0.0	0.0	0.0	0.0	0.0	0.0	0.0
2016-12-27 00:21:54.477	1055997357	False	4	0.0	0.0	0.0	0.0	0.0	0.0	0.0	0.0	0.0	0.0	0.0	0.0	0.0	0.0	0.0	0.0	0.0	0.0	0.0
2016-12-27 00:21:54.494	1055997374	False	4	0.0	0.0	0.0	0.0	0.0	0.0	0.0	0.0	0.0	0.0	0.0	0.0	0.0	0.0	0.0	0.0	0.0	0.0	0.0
2016-12-27 00:21:54.511	1055997391	False	4	0.0	0.0	0.0	0.0	0.0	0.0	0.0	0.0	0.0	0.0	0.0	0.0	0.0	0.0	0.0	0.0	0.0	0.0	0.0
2016-12-27 00:21:54.527	1055997407	False	4	0.0	0.0	0.0	0.0	0.0	0.0	0.0	0.0	0.0	0.0	0.0	0.0	0.0	0.0	0.0	0.0	0.0	0.0	0.0
2016-12-27 00:21:54.544	1055997424	False	4	0.0	0.0	0.0	0.0	0.0	0.0	0.0	0.0	0.0	0.0	0.0	0.0	0.0	0.0	0.0	0.0	0.0	0.0	0.0
2016-12-27 00:21:54.560	1055997440	False	4	0.0	0.0	0.0	0.0	0.0	0.0	0.0	0.0	0.0	0.0	0.0	0.0	0.0	0.0	0.0	0.0	0.0	0.0	0.0
2016-12-27 00:21:54.577	1055997457	False	4	0.0	0.0	0.0	0.0	0.0	0.0	0.0	0.0	0.0	0.0	0.0	0.0	0.0	0.0	0.0	0.0	0.0	0.0	0.0
2016-12-27 00:21:54.594	1055997474	False	8	0.0	0.0	0.0	0.0	0.0	0.0	0.0	0.0	0.0	0.0	0.0	0.0	0.0	0.0	0.0	0.0	0.0	0.0	0.0
2016-12-27 00:21:54.610	1055997490	False	8	0.0	0.0	0.0	0.0	0.0	0.0	0.0	0.0	0.0	0.0	0.0	0.0	0.0	0.0	0.0	0.0	0.0	0.0	0.0
2016-12-27 00:21:54.627	1055997507	False	8	0.0	0.0	0.0	0.0	0.0	0.0	0.0	0.0	0.0	0.0	0.0	0.0	0.0	0.0	0.0	0.0	0.0	0.0	0.0
2016-12-27 00:21:54.643	1055997523	False	8	0.0	0.0	0.0	0.0	0.0	0.0	0.0	0.0	0.0	0.0	0.0	0.0	0.0	0.0	0.0	0.0	0.0	0.0	0.0
2016-12-27 00:21:54.660	1055997540	False	8	0.0	0.0	0.0	0.0	0.0	0.0	0.0	0.0	0.0	0.0	0.0	0.0	0.0	0.0	0.0	0.0	0.0	0.0	0.0
2016-12-27 00:21:54.677	1055997557	False	8	0.0	0.0	0.0	0.0	0.0	0.0	0.0	0.0	0.0	0.0	0.0	0.0	0.0	0.0	0.0	0.0	0.0	0.0	0.0
2016-12-27 00:21:54.694	1055997574	False	8	0.0	0.0	0.0	0.0	0.0	0.0	0.0	0.0	0.0	0.0	0.0	0.0	0.0	0.0	0.0	0.0	0.0	0.0	0.0
2016-12-27 00:21:54.710	1055997590	False	8	0.0	0.0	0.0	0.0	0.0	0.0	0.0	0.0	0.0	0.0	0.0	0.0	0.0	0.0	0.0	0.0	0.0	0.0	0.0
2016-12-27 00:21:54.727	1055997607	False	8	0.0	0.0	0.0	0.0	0.0	0.0	0.0	0.0	0.0	0.0	0.0	0.0	0.0	0.0	0.0	0.0	0.0	0.0	0.0
2016-12-27 00:21:54.743	1055997623	False	8	0.0	0.0	0.0	0.0	0.0	0.0	0.0	0.0	0.0	0.0	0.0	0.0	0.0	0.0	0.0	0.0	0.0	0.0	0.0
2016-12-27 00:21:54.760	1055997640	False	7	1111.34	507.6476	1088.4104	500.8319	24.80825	1088.4104	500.8319	1088.4104	500.8319	24.0517	0.4125	0.5161	1134.2695	514.4633	1134.2695	514.4633	25.5648	0.6485	0.5229
2016-12-27 00:21:54.777	1055997657	False	7	1105.1279	494.2988	1108.6261	510.351	24.7792	1090.6305	461.3999	1089.522	481.0908	23.7994	0.4125	0.516	1119.6254	527.1976	1119.6254	527.1976	25.759	0.6483	0.5234
2016-12-27 00:21:54.793	1055997673	False	7	1104.6365	501.6039	1106.5121	507.1352	24.7587	1093.9728	472.052	1091.0138	478.0316	23.8503	0.4124	0.5164	1115.3002	531.1558	1117.46	529.1793	25.6671	0.6482	0.5237
2016-12-27 00:21:54.810	1055997690	False	7	1101.8912	510.7203	1104.8705	505.3647	24.7714	1096.1671	498.2887	1092.3207	483.1047	24.0908	0.4121	0.5169	1107.6154	523.1519	1114.1608	527.1649	25.452	0.6479	0.5236
2016-12-27 00:21:54.827	1055997707	False	7	900.0764	551.2986	1092.0687	506.4527	24.9721	858.2368	542.5812	1044.8007	495.1843	24.1993	0.4083	0.5185	941.9159	560.016	1070.7	535.4459	25.7449	0.6443	0.5247
2016-12-27 00:21:54.844	1055997724	False	7	670.0122	550.3192	1069.3647	507.6173	24.88665	643.41	535.22	975.9489	502.1166	24.0858	0.4045	0.5193	696.6144	565.4184	994.4615	541.5782	25.6875	0.6397	0.525
2016-12-27 00:21:54.860	1055997740	False	7	643.3846	567.6327	1045.307	511.2906	24.90835	630.3873	542.503	923.8775	508.2395	23.964	0.4038	0.5195	656.382	592.7623	935.9304	550.3979	25.8527	0.6386	0.5253
2016-12-27 00:21:54.877	1055997757	False	7	628.0508	588.4716	1021.4755	515.5983	24.97495	614.2418	575.8257	881.8481	517.2841	24.231	0.4035	0.5199	641.8597	601.1174	891.1691	558.0538	25.7189	0.6384	0.5255
2016-12-27 00:21:54.893	1055997773	False	7	626.5511	577.7339	998.7538	519.518	25.0046	608.4083	574.1309	847.6784	524.2947	24.2475	0.4035	0.5199	644.694	581.3369	857.2386	561.3395	25.7617	0.6384	0.5253
2016-12-27 00:21:54.910	1055997790	False	7	630.1171	580.1423	977.4225	523.0173	24.93985	613.1226	572.3512	820.1417	529.8613	24.0546	0.4035	0.5199	647.1117	587.9334	830.5114	564.7279	25.8251	0.6384	0.5256
2016-12-27 00:21:54.927	1055997807	False	7	624.4536	567.3996	957.427	526.1214	24.86925	596.6924	557.0564	795.3828	533.026	23.8952	0.4032	0.5199	652.2147	577.7428	809.1476	566.4121	25.8433	0.6382	0.5256
2016-12-27 00:21:54.943	1055997823	False	7	631.8931	566.762	939.3367	530.4424	24.8336	627.4536	559.4765	627.4536	559.4765	23.917	0.4033	0.5201	636.3326	574.0474	789.6532	567.4532	25.7502	0.6381	0.5256
2016-12-27 00:21:54.960	1055997840	False	7	630.1453	572.3912	622.1662	561.1452	25.14525	622.1662	561.1452	622.1662	561.1452	24.4838	0.403	0.5204	638.1243	583.6372	638.1243	583.6372	25.8067	0.6378	0.5257
2016-12-27 00:21:54.977	1055997857	False	7	526.5364	594.1888	553.6926	589.7045	25.1459	505.0443	590.7693	563.5305	575.9761	24.3293	0.4009	0.5215	548.0286	597.6083	548.0286	597.6083	25.9625	0.6357	0.5261
2016-12-27 00:21:54.994	1055997874	False	7	456.3343	593.216	535.2242	588.6711	24.97675	449.9371	592.1103	525.4058	581.4022	24.2445	0.3993	0.5221	462.7315	594.3217	505.3257	595.9629	25.709	0.6336	0.5262
2016-12-27 00:21:55.010	1055997890	False	7	447.9478	595.7406	521.9875	589.4393	24.95415	438.1115	593.7155	503.1686	584.5473	24.1919	0.3987	0.5224	457.7842	597.7656	489.3388	596.5637	25.7164	0.6331	0.5261
2016-12-27 00:21:55.027	1055997907	False	7	445.4905	597.6262	512.84	589.8721	24.7601	443.5663	603.3785	490.7589	588.4211	24.0428	0.398	0.5228	447.4147	591.8738	478.6498	595.381	25.4774	0.6324	0.5258
2016-12-27 00:21:55.043	1055997923	False	7	449.5792	601.3248	505.4964	590.6685	24.6715	447.4386	608.487	483.0155	591.9169	23.8213	0.3973	0.5232	451.7198	594.1627	473.0266	595.1266	25.5217	0.6318	0.5254
2016-12-27 00:21:55.060	1055997940	False	7	450.6735	602.1512	500.7483	590.8525	24.5701	455.4124	589.7035	478.5624	591.6888	23.706	0.3966	0.5231	445.9347	614.5991	468.2323	598.4401	25.4342	0.6311	0.5255
2016-12-27 00:21:55.077	1055997957	False	7	447.1008	598.1692	496.0595	591.459	24.28075	440.8994	590.5624	473.265	591.6226	23.4955	0.3959	0.5232	453.3022	605.7759	465.8326	599.5519	25.066	0.6305	0.5251
2016-12-27 00:21:55.093	1055997973	False	7	438.3076	591.2622	491.8309	591.9981	24.0888	427.6376	582.8199	467.4957	590.6559	23.2799	0.3954	0.5234	448.9776	599.7044	463.4342	599.6113	24.8977	0.63	0.5247
2016-12-27 00:21:55.110	1055997990	False	7	442.868	601.7437	488.1638	592.402	23.6923	432.4379	597.0778	463.2825	591.3862	22.5762	0.3949	0.5237	453.298	606.4095	462.037	600.4456	24.8084	0.6295	0.5245
2016-12-27 00:21:55.126	1055998006	False	7	445.9568	597.4995	484.9298	592.6721	23.79715	441.8759	582.8138	460.6861	590.5865	22.6678	0.3946	0.5236	450.0377	612.1852	460.5476	601.7505	24.9265	0.6292	0.5245
2016-12-27 00:21:55.143	1055998023	False	7	434.1643	589.0994	481.9343	593.0078	23.4919	425.9348	583.2205	457.0052	589.9308	22.4902	0.3942	0.5236	442.3938	594.9782	458.545	601.1454	24.4936	0.6289	0.5239
2016-12-27 00:21:55.160	1055998040	False	7	438.1797	597.485	440.5583	594.3442	23.5893	432.1389	589.5021	432.1389	589.5021	22.622	0.3941	0.5238	444.2206	605.468	444.2206	605.468	24.5566	0.6286	0.5239
2016-12-27 00:21:55.176	1055998056	False	7	393.3971	573.5466	393.3971	573.5466	23.0993	383.361	574.269	383.361	574.269	22.1269	0.3932	0.5234	403.4332	572.8243	403.4332	572.8243	24.0717	0.6277	0.5232
2016-12-27 00:21:55.193	1055998073	False	7	403.115	581.5156	395.8328	575.5439	23.2229	401.9479	585.517	392.6664	579.9002	22.2822	0.3932	0.5236	404.282	577.5141	403.8582	575.1722	24.1636	0.6275	0.5231
2016-12-27 00:21:55.210	1055998090	False	7	414.5529	564.4803	396.1581	575.4323	23.34545	404.9439	565.831	396.7921	575.2001	22.3687	0.3929	0.5236	424.1618	563.1296	410.6555	571.145	24.3222	0.6274	0.5229
2016-12-27 00:21:55.226	1055998106	False	7	402.9858	569.146	398.1254	574.5972	23.2231	403.8276	564.8024	398.594	572.5667	22.1974	0.3926	0.5235	402.144	573.4897	408.5351	571.724	24.2488	0.627	0.5227
2016-12-27 00:21:55.243	1055998123	False	7	409.8548	582.0814	399.396	574.4991	23.31115	411.1162	579.9374	401.1693	574.0388	22.3792	0.3923	0.5237	408.5934	584.2254	408.5548	574.2563	24.2431	0.6267	0.5226
2016-12-27 00:21:55.259	1055998139	False	7	388.0698	575.7184	399.9971	574.4836	23.03585	382.7714	576.0228	398.0792	574.3694	21.9428	0.3918	0.5237	393.3682	575.414	405.9711	574.4699	24.1289	0.6262	0.5222
2016-12-27 00:21:55.276	1055998156	False	7	396.3829	575.7383	400.3537	574.4717	23.1103	386.2979	582.187	396.3472	575.5205	22.0111	0.3913	0.5238	406.468	569.2896	406.022	573.7213	24.2095	0.6258	0.5219
2016-12-27 00:21:55.293	1055998173	False	7	414.7076	561.6563	399.9969	574.5475	23.1231	404.6756	572.0116	397.4175	575.0751	22.0049	0.3908	0.5238	424.7397	551.3009	408.4476	570.7973	24.2413	0.6254	0.5214
2016-12-27 00:21:55.309	1055998189	False	7	408.1889	544.4832	400.9762	573.8223	23.16825	410.3831	538.2912	398.9427	570.7554	22.1722	0.3903	0.523	405.9948	550.675	408.1804	568.3901	24.1643	0.6246	0.5208
2016-12-27 00:21:55.326	1055998206	False	7	403.5406	527.2241	401.752	572.9307	23.0869	401.5751	510.9271	399.2527	564.2638	21.9834	0.3896	0.5229	405.506	543.5211	407.9074	565.6423	24.1904	0.624	0.5203
2016-12-27 00:21:55.343	1055998223	False	7	397.7057	544.5248	402.045	571.9786	23.21925	397.1288	524.0392	399.0727	560.0855	22.2451	0.3889	0.5231	398.2826	565.0103	406.9608	565.4546	24.1934	0.6234	0.5203
2016-12-27 00:21:55.359	1055998239	True	7	388.7549	534.0314	402.4686	571.1019	23.248	379.1844	527.9285	397.2588	556.8511	22.457	0.3882	0.5232	398.3255	540.1344	406.1485	563.0013	24.039	0.6227	0.5198
2016-12-27 00:21:55.376	1055998256	True	7	397.4472	552.5795	402.4419	570.0114	23.5098	394.6714	547.0734	397.0099	555.6881	22.5107	0.3877	0.5234	400.223	558.0854	405.6009	562.4132	24.5089	0.6222	0.5198
2016-12-27 00:21:55.393	1055998273	True	7	387.194	552.4341	402.2223	568.8997	23.53375	388.9041	550.7289	396.315	554.97	22.6192	0.387	0.5235	385.4839	554.1392	403.9037	561.5744	24.4483	0.6215	0.5195
2016-12-27 00:21:55.410	1055998290	True	7	394.5761	547.4401	402.0797	567.8997	23.37405	385.6428	545.0118	395.4335	553.8946	22.3639	0.3864	0.5234	403.5095	549.8683	403.7848	560.4937	24.3842	0.621	0.5192
2016-12-27 00:21:55.426	1055998306	True	7	401.0009	552.808	401.906	566.9128	23.55765	415.3806	551.1896	396.8599	553.3974	22.7749	0.3862	0.5236	386.6211	554.4263	402.4155	559.8605	24.3404	0.6205	0.519
2016-12-27 00:21:55.443	1055998323	True	7	392.3065	554.6216	401.6654	565.9041	23.5188	405.7395	553.6694	397.4842	553.1415	22.6023	0.3856	0.5239	378.8736	555.5739	400.5989	559.3734	24.4353	0.6199	0.519
2016-12-27 00:21:55.460	1055998340	True	7	387.8181	546.7986	401.4388	565.0328	23.5364	382.8335	544.1874	396.4694	552.267	22.5036	0.3851	0.524	392.8026	549.4097	399.8878	558.5054	24.5692	0.6197	0.5189
2016-12-27 00:21:55.476	1055998356	True	7	406.8816	549.1556	401.2447	564.1619	23.588	410.6457	552.3887	397.3996	552.0264	22.8512	0.385	0.5243	403.1175	545.9227	399.9308	557.4711	24.3248	0.6194	0.5189
2016-12-27 00:21:55.493	1055998373	True	7	401.6837	553.6373	401.0645	563.3281	23.5862	397.1532	558.8988	397.3921	552.2542	22.8492	0.3847	0.5246	406.2142	548.3757	400.1896	556.6733	24.3232	0.6191	0.519
2016-12-27 00:21:55.510	1055998390	True	7	408.6173	554.8608	400.9261	562.5368	23.7416	405.2921	554.1671	397.9089	552.1926	22.9331	0.3843	0.5246	411.9425	555.5545	400.8185	556.3964	24.5501	0.6189	0.5191
2016-12-27 00:21:55.526	1055998406	True	7	400.652	558.1069	400.8083	561.8179	23.8206	396.0396	559.0652	397.8202	552.4664	22.9826	0.3841	0.5248	405.2643	557.1487	401.0127	556.2538	24.6586	0.6186	0.5192
2016-12-27 00:21:55.543	1055998423	True	7	383.8282	543.6619	400.6138	561.0637	23.66005	386.6167	538.0032	397.1498	551.4489	22.8606	0.3836	0.5249	381.0397	549.3205	399.7107	555.6535	24.4595	0.6182	0.5192
2016-12-27 00:21:55.559	1055998439	True	7	384.6083	543.9501	400.4285	560.3854	23.5253	373.2962	541.6807	395.6894	550.7106	22.6453	0.3832	0.5252	395.9203	546.2195	399.3701	554.9061	24.4053	0.6178	0.5192
2016-12-27 00:21:55.576	1055998456	True	7	406.6319	554.0767	400.2199	559.6862	23.80555	398.2488	555.6215	395.7731	550.8542	23.1834	0.3829	0.5256	415.015	552.5319	400.2006	554.5825	24.4277	0.6175	0.5193
2016-12-27 00:21:55.592	1055998472	True	7	392.2603	557.2333	399.9952	559.0398	23.7081	400.1382	566.2647	395.9722	551.6485	23.1321	0.3824	0.526	384.3825	548.2019	399.2044	554.0336	24.2841	0.6169	0.5193
2016-12-27 00:21:55.609	1055998489	True	7	389.7766	536.6545	399.7542	558.366	23.79425	398.6611	532.3536	396.0851	550.452	23.1057	0.3819	0.5261	380.8921	540.9553	398.037	553.095	24.4828	0.6162	0.5193
2016-12-27 00:21:55.626	1055998506	True	7	388.1353	553.0841	399.5201	557.7656	23.61005	380.8557	556.132	395.1638	550.68	22.8455	0.3811	0.5266	395.4149	550.0362	397.7519	552.7278	24.3746	0.6157	0.5194
2016-12-27 00:21:55.642	1055998522	True	7	409.469	552.1813	399.3247	557.1935	24.16005	408.9147	546.3812	395.8839	550.3582	23.3912	0.3808	0.5271	410.0232	557.9814	398.3322	552.8517	24.9289	0.6151	0.5196
2016-12-27 00:21:55.659	1055998539	True	7	407.9401	562.4183	399.1629	556.6791	24.07385	410.4352	555.5422	396.6872	550.582	23.4098	0.3801	0.5275	405.445	569.2943	398.6573	553.6477	24.7379	0.6145	0.5197
2016-12-27 00:21:55.726	1055998606	True	7	402.7663	559.8018	399.0301	556.221	24.3026	420.0362	549.8761	398.0312	550.4938	23.9919	0.3781	0.5289	385.4963	569.7274	397.8532	554.4799	24.6133	0.6123	0.5197
2016-12-27 00:21:55.742	1055998622	True	7	393.6725	554.0092	398.8924	555.8115	24.28855	389.9059	546.053	397.6492	550.2012	23.6621	0.3776	0.529	397.439	561.9653	397.7474	554.8786	24.915	0.612	0.5196
2016-12-27 00:21:55.759	1055998639	True	7	403.4673	553.8842	398.7825	555.4251	24.44775	404.6952	536.9117	398.1021	549.4054	23.911	0.3774	0.5291	402.2393	570.8566	397.927	555.7875	24.9845	0.6118	0.5197
2016-12-27 00:21:55.776	1055998656	True	7	402.4541	556.7956	398.694	555.074	24.53115	394.1172	550.0194	397.9507	549.3651	23.9807	0.377	0.5294	410.791	563.5718	398.5989	556.2853	25.0816	0.6115	0.5197
2016-12-27 00:21:55.792	1055998672	True	7	388.3352	556.8689	398.5847	554.7596	24.39245	388.9272	550.0818	397.5031	549.3405	23.9576	0.3769	0.5294	387.7432	563.6559	397.9808	556.7856	24.8273	0.6113	0.5197
2016-12-27 00:21:55.809	1055998689	True	7	393.2524	553.5723	398.4718	554.5054	24.54085	391.5796	550.4565	397.2017	549.3478	24.1504	0.3767	0.5295	394.9254	556.6881	397.7754	556.89	24.9313	0.6111	0.5198
2016-12-27 00:21:55.825	1055998705	True	7	401.3029	551.604	398.3791	554.2903	24.5556	406.0829	546.3377	397.7096	549.1341	24.0978	0.3767	0.5298	396.5228	556.8703	397.6683	556.9977	25.0134	0.6109	0.5198
2016-12-27 00:21:55.842	1055998722	True	7	405.5008	545.4281	398.3183	554.0974	24.50305	406.3873	538.5092	398.2293	548.4931	24.0335	0.3765	0.5298	404.6142	552.3469	398.021	556.845	24.9726	0.6108	0.5199
2016-12-27 00:21:55.859	1055998739	True	7	394.1389	548.0499	398.2649	553.9393	24.54005	377.9182	546.0037	397.1552	548.2812	24.0772	0.3762	0.5302	410.3596	550.0963	398.6987	556.5587	25.0029	0.6108	0.5199
2016-12-27 00:21:55.875	1055998755	True	7	407.4812	565.9086	398.186	553.5084	24.8243	403.7124	545.6195	397.5154	548.0593	24.2402	0.3764	0.5303	411.25	586.1976	399.4271	558.2747	25.4084	0.6108	0.5203
2016-12-27 00:21:55.892	1055998772	True	7	404.1197	560.9354	398.1788	553.3741	24.6755	398.2859	556.2152	397.5709	548.4377	24.3202	0.3764	0.5304	409.9535	565.6556	400.0803	558.8328	25.0308	0.6107	0.5202
2016-12-27 00:21:55.909	1055998789	True	7	398.7197	554.036	398.1982	553.322	24.60685	382.8932	551.9481	396.7678	548.5878	24.1925	0.3762	0.5304	414.5461	556.124	400.9818	558.8427	25.0212	0.6107	0.5201
2016-12-27 00:21:55.925	1055998805	True	7	400.7573	571.2793	398.0913	552.9863	24.9366	395.5343	551.1443	396.6673	548.7006	24.4893	0.3762	0.5305	405.9803	591.4143	401.3962	560.7938	25.3839	0.6106	0.5205
2016-12-27 00:21:55.942	1055998822	True	7	397.7898	570.5366	398.1245	553.0672	24.98885	388.9308	568.7781	396.2019	549.7977	24.4364	0.3762	0.5307	406.6488	572.2952	401.8335	561.6586	25.5413	0.6106	0.5202
2016-12-27 00:21:55.959	1055998839	True	7	392.5461	564.3368	398.162	553.2269	24.7764	384.6357	562.4941	395.502	550.5471	24.173	0.376	0.5307	400.4564	566.1794	401.9107	562.1537	25.3798	0.6105	0.5201
2016-12-27 00:21:55.976	1055998856	True	7	406.9285	567.4064	398.1683	553.3375	24.78115	399.1747	562.6544	395.6157	551.3016	24.4519	0.3762	0.5307	414.6823	572.1584	402.7599	562.949	25.1104	0.6106	0.5202
2016-12-27 00:21:55.992	1055998872	True	7	402.6448	564.2693	398.2372	553.5661	24.75035	404.452	562.4934	396.03	552.0389	24.244	0.3762	0.5307	400.8376	566.0451	402.8216	563.3715	25.2567	0.6105	0.5201
2016-12-27 00:21:56.009	1055998889	True	7	394.8966	572.4655	398.0765	553.5023	24.85985	384.7036	557.5364	395.356	552.4893	24.2442	0.3761	0.5309	405.0896	587.3945	403.0984	564.9431	25.4755	0.6106	0.5204
2016-12-27 00:21:56.025	1055998905	True	7	397.8882	564.0842	398.1054	553.7761	24.7106	398.0921	558.7323	395.4317	552.9903	24.2884	0.3763	0.531	397.6844	569.4362	402.9439	565.4811	25.1328	0.6106	0.5204
2016-12-27 00:21:56.042	1055998922	True	7	394.5255	565.4419	398.0822	554.0157	24.7498	383.5031	544.4117	394.7072	552.6804	24.0855	0.3762	0.5312	405.5478	586.472	403.2054	566.9232	25.4141	0.6107	0.5208
2016-12-27 00:21:56.059	1055998939	True	7	403.6916	564.9144	398.1295	554.3757	24.93465	397.9341	562.0995	394.7929	553.3333	24.4298	0.3764	0.5315	409.4491	567.7292	403.6643	567.2833	25.4395	0.6108	0.521
2016-12-27 00:21:56.076	1055998956	True	7	406.8883	564.9017	398.1186	554.6077	24.91545	404.2007	543.6332	395.238	552.9426	24.195	0.3764	0.5317	409.576	586.1702	404.1108	568.6207	25.6359	0.6109	0.5214
2016-12-27 00:21:56.092	1055998972	True	7	405.8804	559.6527	398.1987	554.9639	24.86925	404.1105	545.8572	395.6858	552.6575	24.3727	0.3765	0.5319	407.6503	573.4481	404.4306	569.2072	25.3658	0.6109	0.5216
2016-12-27 00:21:56.109	1055998989	True	7	415.8631	551.041	398.3796	555.3856	24.9727	416.9857	558.6832	396.8536	553.0696	24.5373	0.3766	0.5324	414.7404	543.3989	405.1218	568.0822	25.4081	0.6111	0.5217
2016-12-27 00:21:56.125	1055999005	True	7	412.2984	571.5883	398.6339	555.9184	25.21555	419.4493	567.1337	398.16	553.9355	24.6627	0.3768	0.5328	405.1475	576.0428	405.2621	568.7238	25.7684	0.6111	0.5222
2016-12-27 00:21:56.142	1055999022	True	7	406.9551	551.8565	398.8502	556.2975	24.96865	401.2868	542.5995	398.454	553.4241	24.4415	0.3768	0.5328	412.6235	561.1135	405.7949	568.4998	25.4958	0.6113	0.5224
2016-12-27 00:21:56.159	1055999039	True	7	403.4501	554.2646	399.0661	556.6306	25.1347	390.6331	527.4133	398.1498	552.0551	24.3896	0.3768	0.5329	416.2671	581.1158	406.5094	569.3513	25.8798	0.6113	0.5229
2016-12-27 00:21:56.175	1055999055	True	7	416.032	562.9242	399.3602	557.0272	25.2286	412.5635	564.154	399.0505	552.7123	24.744	0.3771	0.5334	419.5005	561.6943	407.3796	569.0942	25.7132	0.6114	0.5229
2016-12-27 00:21:56.192	1055999072	True	7	404.4879	578.8683	399.6471	557.4383	25.25705	402.1078	574.1769	399.3582	553.9188	24.6673	0.377	0.5337	406.868	583.5598	407.5237	570.0201	25.8468	0.6114	0.5233
2016-12-27 00:21:56.209	1055999089	True	7	403.5916	571.2239	399.9341	557.8665	25.27265	406.8401	565.0101	399.9131	554.6096	24.6706	0.3771	0.5339	400.343	577.4376	407.2827	570.5786	25.8747	0.6115	0.5232
2016-12-27 00:21:56.225	1055999105	True	7	405.15	567.7278	400.1561	558.1271	25.1948	404.6165	546.6158	400.3286	554.2683	24.5982	0.3771	0.5339	405.6834	588.8397	407.3151	571.7406	25.7914	0.6115	0.5235
2016-12-27 00:21:56.242	1055999122	True	7	405.2734	565.5756	400.4619	558.5851	25.29455	402.7215	561.3096	400.6204	554.726	24.7067	0.3771	0.5341	407.8253	569.8416	407.4467	571.8178	25.8824	0.6115	0.5233
2016-12-27 00:21:56.258	1055999138	True	7	410.2724	556.5491	400.7914	559.0367	25.31225	410.296	540.9401	401.313	554.0418	24.6683	0.3771	0.5341	410.2488	572.158	407.6939	571.9963	25.9562	0.6115	0.5234
2016-12-27 00:21:56.275	1055999155	True	7	409.1469	567.3198	401.0732	559.317	25.2208	405.4768	553.4283	401.7151	554.0375	24.6568	0.3771	0.5343	412.8171	581.2114	408.0658	572.6477	25.7848	0.6115	0.5235
2016-12-27 00:21:56.292	1055999172	True	7	405.9104	566.8254	401.3937	559.7103	25.3156	404.6553	560.0897	402.0487	554.3948	24.638	0.3771	0.5344	407.1654	573.5611	408.1086	572.8497	25.9932	0.6115	0.5234
2016-12-27 00:21:56.309	1055999189	True	7	404.2242	568.7527	401.7529	560.2524	25.2438	405.0007	570.4048	402.3774	555.3173	24.5562	0.3772	0.5345	403.4477	567.1005	407.9276	572.6685	25.9314	0.6115	0.5233
2016-12-27 00:21:56.325	1055999205	True	7	422.229	582.8212	402.0547	560.5158	25.62265	418.3832	572.2169	403.4212	556.3306	24.8676	0.3773	0.5345	426.0748	593.4255	408.9882	573.9236	26.3777	0.6117	0.5236
2016-12-27 00:21:56.342	1055999222	True	7	419.0143	575.5221	402.2838	560.4241	25.442	415.6974	555.1908	404.2911	556.3865	24.7341	0.3774	0.5344	422.3312	595.8534	409.8271	575.2903	26.1499	0.6117	0.5237
2016-12-27 00:21:56.358	1055999238	True	7	415.3107	570.9257	402.6978	560.9123	25.65405	421.3916	555.4731	405.4493	556.444	25.1464	0.3775	0.5344	409.2298	586.3782	409.9212	576.106	26.1617	0.6117	0.5236
2016-12-27 00:21:56.375	1055999255	True	7	413.9946	576.1204	403.0903	561.2623	25.7314	411.0978	563.2961	406.0025	556.9205	25.0306	0.3776	0.5345	416.8913	588.9448	410.4208	577.034	26.4322	0.6118	0.5238
2016-12-27 00:21:56.392	1055999272	True	7	413.1348	580.7728	403.5056	561.7073	25.7837	411.6111	569.1904	406.5508	557.7086	25.1171	0.3777	0.5345	414.6584	592.3553	410.7787	578.119	26.4503	0.6119	0.5239
2016-12-27 00:21:56.408	1055999288	True	7	409.6077	570.1884	403.93	562.2253	25.76275	416.4823	558.34	407.3339	557.8796	24.979	0.3778	0.5344	402.7332	582.0367	410.4565	578.5972	26.5465	0.6119	0.5239
2016-12-27 00:21:56.475	1055999355	True	7	410.9271	566.4485	404.3459	562.6906	25.7803	412.0961	552.6144	407.8388	557.7145	25.0395	0.3778	0.5343	409.758	580.2825	410.5074	578.942	26.5211	0.6119	0.524
2016-12-27 00:21:56.491	1055999371	True	7	416.866	573.287	404.7775	563.1771	25.7474	412.1164	571.5549	408.3095	558.5844	25.0078	0.3776	0.5345	421.6157	575.0192	411.2025	578.9604	26.487	0.6119	0.5241
2016-12-27 00:21:56.508	1055999388	True	7	420.9337	573.3739	405.2509	563.8094	25.82895	422.2391	571.9004	409.3062	559.4555	25.1371	0.3775	0.5346	419.6283	574.8474	411.7707	578.9357	26.5208	0.6116	0.524
2016-12-27 00:21:56.525	1055999405	True	7	406.1951	575.8321	405.6784	564.2591	25.723	416.8038	565.1168	409.963	559.9291	24.9433	0.3772	0.5345	395.5864	586.5474	410.988	579.528	26.5027	0.6113	0.5239
2016-12-27 00:21:56.542	1055999422	True	7	407.7141	571.0964	406.0888	564.7668	25.46205	402.9437	565.9598	409.8139	560.4264	24.3613	0.3769	0.5345	412.4844	576.2332	411.1298	579.5195	26.5628	0.6111	0.5238
2016-12-27 00:21:56.558	1055999438	True	7	415.8378	574.9574	406.5023	565.3704	25.55785	420.7976	568.5911	410.6188	561.049	24.5844	0.3767	0.5346	410.8781	581.3238	411.1706	579.7656	26.5313	0.6109	0.5237
2016-12-27 00:21:56.641	1055999521	True	7	427.4155	579.4781	406.9284	565.3256	25.64895	424.4034	566.8681	411.5909	561.549	24.8126	0.3755	0.5345	430.4275	592.0881	412.2828	580.581	26.4853	0.6098	0.5233
2016-12-27 00:21:56.658	1055999538	True	7	414.9821	565.5427	407.3697	565.7838	25.6975	414.1248	559.991	411.9554	561.643	24.7521	0.3752	0.5344	415.8394	571.0944	412.5732	580.2064	26.6429	0.6095	0.523
2016-12-27 00:21:56.675	1055999555	True	7	417.3123	580.5936	407.7991	566.0388	25.53195	411.1744	566.4579	412.1209	562.069	24.5403	0.3751	0.5344	423.4502	594.7292	413.2713	581.1169	26.5236	0.6094	0.523
2016-12-27 00:21:56.691	1055999571	True	7	406.9335	574.101	408.205	566.4015	25.51795	408.9592	559.0046	412.1296	562.0575	24.3679	0.3748	0.5344	404.9077	589.1973	412.9275	581.6978	26.668	0.6091	0.5228
2016-12-27 00:21:56.708	1055999588	True	7	405.1587	578.3381	408.5763	566.6123	25.7295	411.7605	557.587	412.2651	561.9437	24.7252	0.3746	0.5343	398.5569	599.0892	412.2151	582.8035	26.7338	0.6089	0.5228
2016-12-27 00:21:56.725	1055999605	True	7	408.7787	578.2274	408.9164	566.8683	25.5586	406.116	555.9978	412.0586	561.7212	24.5419	0.3744	0.5343	411.4414	600.4571	412.2053	583.9584	26.5753	0.6088	0.5227
2016-12-27 00:21:56.741	1055999621	True	7	413.9596	572.482	409.2405	567.1841	25.47985	409.2581	545.2623	412.0026	560.8837	24.3176	0.3742	0.5341	418.6611	599.7017	412.5868	585.0429	26.6421	0.6086	0.5225
2016-12-27 00:21:56.758	1055999638	True	7	413.2273	573.3552	409.5514	567.6317	25.68105	417.7276	554.1224	412.3953	560.5235	24.7013	0.374	0.5343	408.727	592.5881	412.4118	585.7007	26.6608	0.6084	0.5224
2016-12-27 00:21:56.775	1055999655	True	7	407.3901	569.9041	409.8284	568.1016	25.7041	403.8183	565.8685	411.9977	560.8058	24.6771	0.3738	0.5344	410.962	573.9396	412.3523	585.2911	26.7311	0.6082	0.5221
2016-12-27 00:21:56.791	1055999671	True	7	406.3338	563.5374	410.0685	568.5842	25.49745	405.0001	547.5092	411.6483	560.0639	24.3455	0.3735	0.5341	407.6674	579.5656	412.1045	585.1611	26.6494	0.608	0.5221
2016-12-27 00:21:56.808	1055999688	True	7	417.7094	571.731	410.3007	568.8317	25.5937	415.0072	552.5405	411.842	559.5978	24.429	0.3733	0.534	420.4115	590.9214	412.5585	585.6324	26.7584	0.6078	0.522
2016-12-27 00:21:56.825	1055999705	True	7	401.8679	571.8052	410.489	569.2369	25.55195	394.4945	554.2778	410.8918	559.228	24.3832	0.3731	0.5339	409.2412	589.3326	412.3895	585.9893	26.7207	0.6075	0.5219
2016-12-27 00:21:56.841	1055999721	True	7	417.4865	563.9942	410.6716	569.5329	25.571	414.3719	546.5815	411.0362	558.4359	24.5029	0.373	0.5338	420.601	581.4069	412.8467	585.8783	26.6391	0.6074	0.5217
2016-12-27 00:21:56.858	1055999738	True	7	417.7338	574.5793	410.8553	569.8643	25.59445	422.8957	550.2408	411.6524	557.8545	24.4124	0.3727	0.5338	412.572	598.9179	412.8556	586.7161	26.7765	0.6071	0.5215
2016-12-27 00:21:56.874	1055999754	True	7	383.7245	565.4057	411.0182	570.9025	25.5749	366.2775	551.7418	409.1297	557.3688	24.5243	0.3721	0.5338	401.1714	579.0696	412.2282	586.431	26.6255	0.6067	0.5212
2016-12-27 00:21:56.891	1055999771	True	7	407.2301	562.2951	411.0804	571.2496	25.4926	409.2364	543.9648	408.9914	556.4679	24.403	0.3722	0.5337	405.2238	580.6254	411.8243	586.2075	26.5822	0.6065	0.5212
2016-12-27 00:21:56.908	1055999788	True	7	406.886	561.6289	411.0903	571.3246	25.4787	399.313	554.4793	408.3159	556.1677	24.3738	0.3719	0.5338	414.459	568.7786	411.9334	585.3109	26.5836	0.6064	0.521
2016-12-27 00:21:56.924	1055999804	True	7	386.7466	565.9971	411.1559	572.2324	25.31435	373.2508	547.3862	406.2106	555.4973	24.0685	0.3716	0.5337	400.2424	584.6081	411.2573	585.2789	26.5602	0.6062	0.521
2016-12-27 00:21:56.941	1055999821	True	7	383.0213	564.2427	411.1516	573.1057	25.35695	372.6188	546.8892	404.0915	554.8236	24.1672	0.3715	0.5337	393.4237	581.5961	410.2059	585.0707	26.5467	0.6059	0.5209
2016-12-27 00:21:56.958	1055999838	True	7	411.9729	563.403	410.9509	573.008	25.25255	400.6478	545.8907	403.5583	554.1209	24.0946	0.3713	0.5336	423.2979	580.9152	410.8203	584.8193	26.4105	0.6059	0.5207
2016-12-27 00:21:56.974	1055999854	True	7	398.7933	552.0718	410.7799	573.1098	25.1451	388.4553	540.4201	402.39	553.1444	24.1721	0.3711	0.5336	409.1312	563.7234	410.6587	583.6099	26.1181	0.6056	0.5204
2016-12-27 00:21:56.991	1055999871	True	7	384.4561	555.6318	410.2388	572.1194	25.08405	382.9698	550.897	400.9585	552.7801	24.0181	0.3709	0.5337	385.9424	560.3666	409.2205	582.2179	26.15	0.6053	0.5202
2016-12-27 00:21:57.007	1055999887	True	7	396.2206	562.2235	409.8136	571.6303	25.12315	401.2139	548.3225	400.5865	552.3073	24.173	0.3707	0.5338	391.2274	576.1245	408.0869	581.7085	26.0733	0.6051	0.5202
2016-12-27 00:21:57.024	1055999904	True	7	391.7354	564.0453	409.4507	571.5508	25.087	385.4396	547.0226	399.3883	551.7943	24.1069	0.3704	0.5339	398.0311	581.068	407.3486	581.4903	26.0671	0.6049	0.5202
2016-12-27 00:21:57.041	1055999921	True	7	398.6442	558.5522	408.9749	571.1058	25.2403	397.871	550.714	398.9299	551.5206	24.3322	0.3704	0.5339	399.4174	566.3905	406.7097	580.4749	26.1484	0.6047	0.52
2016-12-27 00:21:57.058	1055999938	True	7	390.1305	548.7083	408.2967	569.9427	24.967	394.7192	537.4044	398.3492	550.5421	23.944	0.3701	0.5337	385.5418	560.0122	405.3269	579.1287	25.99	0.6045	0.5197
2016-12-27 00:21:57.074	1055999954	True	7	405.2219	555.3018	407.7878	569.4061	25.0278	407.8682	544.9601	398.548	550.0143	24.0341	0.37	0.5337	402.5756	565.6436	404.9169	578.1235	26.0215	0.6044	0.5197
2016-12-27 00:21:57.091	1055999971	True	7	402.2529	553.3854	407.2348	568.6421	25.0429	400.1706	550.3359	398.369	549.8186	24.2555	0.3699	0.5338	404.3351	556.4348	404.6379	576.6381	25.8303	0.6043	0.5195
2016-12-27 00:21:57.108	1055999988	True	7	399.0999	556.7147	406.7689	568.2394	24.77955	392.0829	544.0547	397.7879	549.3104	23.9318	0.3698	0.5337	406.1168	569.3748	404.4894	575.9086	25.6273	0.6043	0.5196
2016-12-27 00:21:57.124	1056000004	True	7	382.3661	553.5387	406.2753	567.9123	24.63665	381.2568	533.4793	396.6501	548.2488	23.7372	0.3697	0.5336	383.4754	573.598	403.1175	575.4538	25.5361	0.6042	0.5196
2016-12-27 00:21:57.141	1056000021	True	7	378.6901	554.2994	405.5379	566.6319	24.6681	387.7592	541.6848	395.9134	547.6724	23.8441	0.3697	0.5337	369.6208	566.9141	401.011	574.6732	25.4921	0.604	0.5196
2016-12-27 00:21:57.158	1056000038	True	7	392.0528	562.7858	404.9194	566.0579	24.74485	391.5748	549.6732	395.4323	547.5721	23.9406	0.3697	0.5338	392.5308	575.8983	400.2155	574.4328	25.5491	0.6042	0.5197
2016-12-27 00:21:57.174	1056000054	True	7	393.4782	553.9031	404.261	565.2598	24.56695	393.5364	548.377	395.1012	547.4337	23.7933	0.3697	0.5338	393.42	559.4291	399.5145	573.3238	25.3406	0.6042	0.5196
2016-12-27 00:21:57.191	1056000071	True	7	400.1367	555.6664	403.6525	564.6296	24.5579	398.5731	546.3139	395.0894	547.213	23.7075	0.3697	0.5338	401.7003	565.0189	399.3178	572.5683	25.4083	0.6042	0.5196
2016-12-27 00:21:57.208	1056000088	True	7	393.7354	560.1879	403.1273	564.3902	24.50365	377.0318	546.6968	393.9199	547.0402	23.6838	0.3695	0.5338	410.439	573.6789	399.6502	572.34	25.3235	0.6043	0.5197
2016-12-27 00:21:57.224	1056000104	True	7	391.1184	562.2142	402.5732	564.0483	24.58715	386.1108	540.5573	393.2879	546.5545	23.772	0.3696	0.5337	396.1259	583.8712	399.2303	572.7209	25.4023	0.6042	0.5197
2016-12-27 00:21:57.241	1056000121	True	7	386.8294	559.6796	401.9459	563.4391	24.3866	388.1534	547.9097	392.8054	546.4999	23.6677	0.3696	0.5338	385.5053	571.4495	398.2598	572.4531	25.1055	0.6041	0.5195
2016-12-27 00:21:57.258	1056000138	True	7	385.7002	560.6511	401.3253	562.9318	24.3137	386.8746	542.877	392.2864	546.1892	23.4594	0.3695	0.5338	384.5258	578.4253	397.2733	572.6091	25.168	0.6042	0.5195
2016-12-27 00:21:57.274	1056000154	True	7	393.3312	555.5065	400.7068	562.303	24.7551	403.4019	540.5578	392.7167	545.7708	23.919	0.3695	0.5337	383.2605	570.4553	396.2564	572.3567	25.5912	0.6041	0.5194
2016-12-27 00:21:57.291	1056000171	True	7	392.6498	562.3767	400.142	562.0048	24.7513	393.0188	535.2214	392.6004	545.0771	23.784	0.3694	0.5337	392.2809	589.532	395.7787	573.1882	25.7186	0.6041	0.5196
2016-12-27 00:21:57.307	1056000187	True	7	384.2092	557.355	399.5178	560.864	24.6913	396.2592	543.8608	392.6896	544.8845	23.6765	0.3695	0.5338	372.1593	570.8492	394.2271	573.0089	25.7061	0.604	0.5194
2016-12-27 00:21:57.324	1056000204	True	7	387.5064	565.7466	398.9365	560.4282	24.78255	389.941	543.6031	392.4507	544.6985	23.8807	0.3694	0.5336	385.0719	587.8902	393.4345	573.7937	25.6844	0.6042	0.5196
2016-12-27 00:21:57.341	1056000221	True	7	399.6171	572.2845	398.4044	560.4583	24.7401	405.5844	570.9274	393.0991	546.0461	23.8062	0.3696	0.5337	393.6498	573.6417	393.161	573.8026	25.674	0.6042	0.5194
2016-12-27 00:21:57.357	1056000237	True	7	390.6855	577.9923	397.8976	561.0472	24.6587	386.6638	574.0375	392.7146	547.5803	23.9131	0.3695	0.5337	394.7074	581.9471	392.9898	574.2802	25.4043	0.6043	0.5193
2016-12-27 00:21:57.374	1056000254	True	7	392.5469	572.0117	397.4134	561.1549	24.57795	387.0452	562.9937	392.3632	548.5081	23.6872	0.3695	0.5335	398.0486	581.0298	393.045	574.7126	25.4687	0.6044	0.5193
2016-12-27 00:21:57.391	1056000271	True	7	389.7604	567.3143	396.94	561.0095	24.73815	390.9015	545.1659	392.2379	548.445	23.8257	0.3696	0.5333	388.6192	589.4627	392.6136	575.6132	25.6506	0.6044	0.5194
2016-12-27 00:21:57.407	1056000287	True	7	385.6116	554.1301	396.473	560.9506	24.53365	383.6537	540.6888	391.7218	548.1255	23.7124	0.3696	0.5331	387.5694	567.5714	392.1571	575.295	25.3549	0.6044	0.519
2016-12-27 00:21:57.424	1056000304	True	7	392.0523	560.4118	396.0373	561.0024	24.31345	376.9703	560.1726	390.8455	548.879	23.6101	0.3696	0.5333	407.1343	560.651	392.8181	574.585	25.0168	0.6045	0.5189
2016-12-27 00:21:57.440	1056000320	True	7	391.9977	559.6986	395.6161	560.9305	24.5182	389.5235	558.5032	390.6781	549.5324	23.9307	0.3697	0.5333	394.4718	560.894	392.8073	573.881	25.1057	0.6044	0.5189
2016-12-27 00:21:57.457	1056000337	True	7	389.966	566.4011	395.234	561.0601	24.4123	378.1346	548.0418	389.8944	549.5927	23.5224	0.3696	0.533	401.7974	584.7604	393.224	574.4967	25.3022	0.6045	0.519
2016-12-27 00:21:57.474	1056000354	True	7	381.5192	554.3828	394.8059	560.8981	24.37155	379.4274	550.4112	389.1957	549.769	23.5604	0.3697	0.533	383.6109	558.3545	392.6518	573.6441	25.1827	0.6044	0.5188
2016-12-27 00:21:57.490	1056000370	True	7	395.3936	557.3826	394.4307	560.8643	24.25095	389.9036	561.3489	389.0945	550.5363	23.4692	0.3698	0.5331	400.8836	553.4163	393.0517	572.5132	25.0327	0.6045	0.5189
2016-12-27 00:21:57.507	1056000387	True	7	394.2708	552.6157	394.067	560.7186	24.15385	388.613	548.6176	388.9409	550.5807	23.3769	0.3698	0.533	399.9286	556.6139	393.4141	571.563	24.9308	0.6046	0.5189
2016-12-27 00:21:57.524	1056000404	True	7	388.4597	561.9363	393.7451	560.7087	24.0925	390.5598	557.8932	388.9124	551.1195	23.2549	0.3698	0.533	386.3596	565.9794	393.033	571.1364	24.9301	0.6045	0.519
2016-12-27 00:21:57.540	1056000420	True	7	388.3743	558.4158	393.422	560.6064	23.9678	392.609	550.7622	389.0141	551.2439	23.1597	0.3698	0.533	384.1396	566.0693	392.5375	570.7256	24.7759	0.6046	0.5191
2016-12-27 00:21:57.557	1056000437	True	7	396.2114	558.0637	393.1553	560.6003	23.918	397.89	555.9479	389.4231	551.6356	23.0706	0.3698	0.533	394.5327	560.1795	392.6258	570.0002	24.7654	0.6046	0.519
2016-12-27 00:21:57.574	1056000454	True	7	385.251	562.2271	392.9117	560.7003	23.87165	382.5678	563.6356	388.9956	552.4327	23.1882	0.3697	0.5331	387.9342	560.8185	392.3536	569.3259	24.5551	0.6045	0.519
2016-12-27 00:21:57.590	1056000470	True	7	380.1295	558.0348	392.6188	560.5918	23.7622	383.5809	546.9355	388.6349	552.2833	22.981	0.3697	0.533	376.6779	569.134	391.4627	569.1312	24.5434	0.6044	0.5191
2016-12-27 00:21:57.607	1056000487	True	7	384.3318	565.6006	392.3995	560.8173	23.6247	368.9138	558.0621	387.4722	552.7275	22.5982	0.3695	0.5332	399.7498	573.139	391.8588	569.1797	24.6512	0.6044	0.5192
2016-12-27 00:21:57.624	1056000504	True	7	391.3362	561.2803	392.1498	560.8505	23.7267	384.7548	547.1791	387.2034	552.5466	22.6723	0.3694	0.5332	397.9177	575.3814	392.1606	569.3745	24.7811	0.6043	0.5192
2016-12-27 00:21:57.640	1056000520	True	7	393.9701	558.4458	391.9283	560.8779	23.56295	400.7711	555.0922	387.8389	552.7858	22.5639	0.3694	0.5332	387.169	561.7993	391.8716	568.8344	24.562	0.6041	0.519
2016-12-27 00:21:57.657	1056000537	True	7	403.7593	560.7946	391.7862	561.0187	23.4436	409.5991	546.8612	388.9777	552.5503	22.3668	0.3693	0.5332	397.9196	574.7278	392.1813	569.0288	24.5204	0.604	0.5191
2016-12-27 00:21:57.674	1056000554	True	7	383.4705	550.6387	391.5875	560.8564	23.40965	383.8183	546.5617	388.6978	552.2818	22.0973	0.3691	0.5332	383.1228	554.7157	391.675	568.1327	24.722	0.6038	0.5189
2016-12-27 00:21:57.690	1056000570	True	7	382.2804	559.4816	391.4052	560.8271	23.23615	382.6698	560.9047	388.3579	552.7956	22.1729	0.3691	0.5334	381.8911	558.0586	391.1025	567.4417	24.2994	0.6038	0.5189
2016-12-27 00:21:57.707	1056000587	True	7	371.9482	550.3816	391.1737	560.7328	23.38425	366.0461	549.4499	387.1021	552.6626	22.2961	0.3689	0.5331	377.8503	551.3133	390.3121	566.3969	24.4724	0.6037	0.5186
2016-12-27 00:21:57.724	1056000604	True	7	381.9711	554.0227	390.9167	560.545	23.4787	384.3295	550.4494	386.8728	552.5735	22.4853	0.3691	0.5331	379.6126	557.596	389.6287	565.7266	24.4721	0.6037	0.5187
2016-12-27 00:21:57.740	1056000620	True	7	390.3598	554.1263	390.6891	560.3887	23.46205	399.7197	554.8185	387.5044	552.7183	22.271	0.3692	0.5332	380.9999	553.4341	389.0333	564.8527	24.6531	0.6038	0.5187
2016-12-27 00:21:57.757	1056000637	True	7	388.9026	553.7532	390.4871	560.3198	23.3343	382.9935	540.4537	387.2191	552.0585	22.1372	0.3691	0.5329	394.8118	567.0526	389.2172	564.7634	24.5314	0.6039	0.5187
2016-12-27 00:21:57.774	1056000654	True	7	385.6012	538.9877	390.2765	559.8126	23.13225	402.0702	543.6124	388.0007	551.5697	22.3663	0.3693	0.533	369.1322	534.363	387.9937	562.8904	23.8982	0.6038	0.5184
2016-12-27 00:21:57.790	1056000670	True	7	381.5085	556.7428	390.0635	559.5213	23.2719	391.5467	539.7744	388.2041	550.8671	22.0024	0.3693	0.5328	371.4703	573.7112	386.9171	563.2311	24.5414	0.6039	0.5187
2016-12-27 00:21:57.807	1056000687	True	7	386.0114	559.0068	389.8455	559.3068	23.4224	386.0167	543.4745	388.1007	550.3734	22.2568	0.3695	0.5328	386.0062	574.5391	386.6656	563.6515	24.588	0.6041	0.5187
2016-12-27 00:21:57.823	1056000703	True	7	385.8366	551.7285	389.6258	559.1201	23.37865	382.0944	542.749	387.7819	549.8472	22.3455	0.3696	0.5328	389.5788	560.7081	386.638	563.3361	24.4118	0.6043	0.5185
2016-12-27 00:21:57.840	1056000720	True	7	392.0264	565.4121	389.4321	558.9239	23.53985	396.5754	551.981	388.2676	549.8423	22.2498	0.3699	0.5327	387.4774	578.8431	386.5195	564.0522	24.8299	0.6046	0.5187
2016-12-27 00:21:57.857	1056000737	True	7	382.4229	555.3841	389.2413	558.671	23.4071	387.9197	554.299	388.2727	549.978	22.2567	0.37	0.5325	376.926	556.4692	385.8383	563.55	24.5575	0.6047	0.5184
2016-12-27 00:21:57.873	1056000753	True	7	382.4953	552.7866	389.031	558.4832	23.46155	377.3047	552.2401	387.6896	550.0116	22.4033	0.3703	0.5324	387.6859	553.3331	385.7763	562.8933	24.5198	0.605	0.5183
2016-12-27 00:21:57.890	1056000770	True	7	390.312	563.3708	388.8332	558.3492	23.47635	396.2277	554.1077	388.1541	550.1602	22.2851	0.3706	0.5323	384.3963	572.6341	385.5556	563.3278	24.6676	0.6054	0.5186
2016-12-27 00:21:57.907	1056000787	True	7	380.4598	558.1396	388.6253	558.2205	23.58745	379.5321	554.3309	387.6935	550.3322	22.4208	0.3709	0.5321	381.3876	561.9484	385.1917	563.1887	24.7541	0.6057	0.5186
2016-12-27 00:21:57.923	1056000803	True	7	397.5376	557.4535	388.3583	558.4603	23.558	409.7452	539.8808	388.9064	549.7115	22.3679	0.3713	0.5317	385.3299	575.0262	385.0673	563.7897	24.7481	0.606	0.5187
2016-12-27 00:21:57.940	1056000820	True	7	383.3281	550.7501	388.1832	558.3521	23.5748	380.9218	539.9634	388.5201	549.1047	22.8145	0.3716	0.5314	385.7344	561.5369	384.9869	563.6551	24.3351	0.6064	0.5184
2016-12-27 00:21:57.957	1056000837	True	7	387.5587	547.3762	388.0266	558.1879	23.6853	397.4186	537.9421	389.0442	548.3986	22.9693	0.3718	0.5312	377.6987	556.8102	384.4812	563.2659	24.4013	0.6066	0.5183
2016-12-27 00:21:58.023	1056000903	True	7	374.1007	561.161	387.8039	558.2025	23.94325	366.7876	553.0056	387.8663	548.5425	23.0249	0.3727	0.5308	381.4139	569.3165	384.2028	563.5781	24.8616	0.6077	0.5184
2016-12-27 00:21:58.040	1056000920	True	7	378.38	555.8826	387.6227	557.993	23.89805	381.0614	547.5671	387.4758	548.399	22.8678	0.3729	0.5305	375.6986	564.1981	383.6278	563.6135	24.9283	0.6078	0.5183
2016-12-27 00:21:58.056	1056000936	True	7	384.2182	554.5333	387.4447	557.7887	23.6553	392.2649	544.9678	387.7069	548.1247	22.7985	0.3731	0.5304	376.1715	564.0988	383.0965	563.6472	24.5121	0.608	0.5181
2016-12-27 00:21:58.073	1056000953	True	7	385.8286	564.2292	387.2899	557.5693	23.7964	391.3377	547.9089	387.8881	548.0276	22.9055	0.3731	0.5304	380.3195	580.5496	382.8156	564.5971	24.6873	0.608	0.5183
2016-12-27 00:21:58.090	1056000970	True	7	389.351	547.2153	387.1495	557.3303	23.72735	382.8647	541.9576	387.5999	547.6141	22.899	0.373	0.5303	395.8374	552.4729	383.4149	563.9891	24.5557	0.6082	0.5179
2016-12-27 00:21:58.107	1056000987	True	7	388.5479	547.7388	387.0039	557.1619	23.72445	401.1866	541.8826	388.33	547.21	22.829	0.3732	0.5303	375.9093	553.595	382.9268	563.4399	24.6199	0.6081	0.5179
2016-12-27 00:21:58.123	1056001003	True	7	386.8703	547.47	386.8981	556.9094	23.7069	398.2696	543.8439	388.8976	546.9296	22.8425	0.3732	0.5302	375.471	551.0961	382.4312	562.7518	24.5713	0.6081	0.5178
2016-12-27 00:21:58.140	1056001020	True	7	381.3338	555.1195	386.7543	556.7451	23.7727	385.8979	537.3211	388.776	546.3018	22.8149	0.373	0.5298	376.7696	572.9178	382.0244	563.2764	24.7305	0.6083	0.5179
2016-12-27 00:21:58.156	1056001036	True	7	392.9361	562.1275	386.6762	556.5151	23.63325	392.7497	547.6855	389.0301	546.265	22.6778	0.3732	0.5295	393.1225	576.5695	382.5404	564.0053	24.5887	0.6084	0.5177
2016-12-27 00:21:58.173	1056001053	True	7	382.459	550.3328	386.5927	556.2964	23.696	392.848	540.0614	389.2841	545.8218	22.8352	0.3732	0.5293	372.0701	560.6041	381.904	563.8492	24.5568	0.6083	0.5173
2016-12-27 00:21:58.190	1056001070	True	7	368.072	554.5815	386.7162	555.6318	23.54425	394.7354	541.5914	389.6382	545.4795	22.8114	0.3732	0.5292	341.4086	567.5717	379.5804	564.0747	24.2771	0.6082	0.5172
2016-12-27 00:21:58.207	1056001087	True	7	376.8996	558.7776	386.4466	555.6895	23.69285	371.5117	557.7188	388.6982	546.0475	22.8202	0.3731	0.5291	382.2875	559.8363	379.5434	563.8704	24.5655	0.6084	0.5171
2016-12-27 00:21:58.223	1056001103	True	7	386.3249	536.5056	386.0145	556.0223	23.4163	393.5761	523.9065	388.9766	544.7558	22.3785	0.3732	0.5286	379.0737	549.1046	379.3505	563.0663	24.4541	0.6084	0.5168
2016-12-27 00:21:58.240	1056001120	True	7	374.7816	537.4178	386.1113	555.3317	23.19715	384.5308	541.0718	388.7494	544.4291	22.3444	0.3732	0.5285	365.0325	533.764	378.4013	561.4133	24.0499	0.6084	0.5166
2016-12-27 00:21:58.257	1056001137	True	7	378.2627	554.6567	385.9248	555.0922	23.4911	381.9427	546.2025	388.3775	544.4045	22.6348	0.3732	0.5284	374.5827	563.111	378.0049	561.3922	24.3474	0.6085	0.5168
2016-12-27 00:21:58.273	1056001153	True	7	383.2725	544.5273	385.6662	554.9456	23.3772	399.5471	533.8671	388.9802	543.7151	22.6763	0.3732	0.5282	366.998	555.1876	377.2136	560.9421	24.0781	0.6085	0.5165
2016-12-27 00:21:58.290	1056001170	True	7	372.3845	538.3231	385.0796	555.1675	23.0315	385.8434	525.3374	388.8216	542.5717	22.2616	0.3732	0.5277	358.9255	551.3087	376.0023	560.2881	23.8014	0.6084	0.5162
2016-12-27 00:21:58.306	1056001186	True	7	371.7643	550.2649	384.7576	554.9836	23.1686	369.7563	545.2391	387.7697	542.5526	22.3638	0.3731	0.5277	373.7724	555.2906	375.6436	559.8705	23.9734	0.6086	0.5161
2016-12-27 00:21:58.323	1056001203	True	7	372.807	546.3077	384.6154	554.5161	23.25385	388.5966	539.8403	387.7637	542.2548	22.4873	0.3733	0.5274	357.0174	552.7752	374.3868	559.3306	24.0204	0.6085	0.516
2016-12-27 00:21:58.340	1056001220	True	7	380.7501	535.4711	384.0008	554.6647	23.10755	372.4748	524.9404	386.867	541.1531	22.2764	0.3732	0.527	389.0254	546.0016	374.9392	558.4331	23.9387	0.6088	0.5159
2016-12-27 00:21:58.356	1056001236	True	7	375.1279	537.857	384.0113	553.8525	22.8261	372.763	540.1755	385.9935	540.9194	22.0751	0.3732	0.5269	377.4927	535.5385	374.8849	556.9752	23.5771	0.6088	0.5157
2016-12-27 00:21:58.373	1056001253	True	7	378.5252	540.1684	383.8237	553.3065	23.02675	381.4856	542.4866	385.6147	540.8391	22.4771	0.3733	0.5268	375.5648	537.8502	374.7551	555.6741	23.5764	0.6088	0.5156
2016-12-27 00:21:58.390	1056001270	True	7	371.2377	545.4575	383.5934	552.7895	23.0344	377.2516	546.3885	385.0143	540.998	22.2282	0.3732	0.5267	365.2238	544.5265	374.0782	554.7755	23.8406	0.6087	0.5157
2016-12-27 00:21:58.406	1056001286	True	7	375.5452	547.8871	383.3179	552.3287	22.79895	379.3543	552.7582	384.5472	541.5329	22.2715	0.3732	0.5268	371.7362	543.016	373.7893	553.8295	23.3264	0.6088	0.5157
2016-12-27 00:21:58.423	1056001303	True	7	382.6464	553.9562	382.9763	551.9846	22.81735	383.2515	556.675	384.3145	542.3021	21.9419	0.373	0.5267	382.0412	551.2373	374.0995	553.3774	23.6928	0.6088	0.5157
2016-12-27 00:21:58.440	1056001320	True	7	380.7672	546.3499	382.6916	551.5937	22.8744	375.4041	545.7977	383.6668	542.4823	22.2664	0.3729	0.5265	386.1302	546.9021	374.6608	552.7263	23.4824	0.6087	0.5157
2016-12-27 00:21:58.456	1056001336	True	7	382.612	544.8043	382.4362	551.1895	22.80125	375.4602	545.6368	383.0428	542.6615	22.0287	0.3729	0.5264	389.7637	543.9717	375.442	551.9549	23.5738	0.6088	0.5156
2016-12-27 00:21:58.473	1056001353	True	7	383.9933	537.8502	381.979	551.1	22.7344	384.5289	517.9067	382.9463	541.309	21.9424	0.3729	0.526	383.4578	557.7936	375.8876	551.9915	23.5264	0.6087	0.5155
2016-12-27 00:21:58.490	1056001370	True	7	385.2531	558.1321	381.7543	550.748	22.8514	381.9319	551.4105	382.7294	541.8226	22.1525	0.3729	0.5261	388.5743	564.8536	376.6256	552.4601	23.5503	0.6088	0.5155
2016-12-27 00:21:58.506	1056001386	True	7	374.6156	546.3894	381.5286	550.4051	22.82385	383.7459	534.6895	382.6372	541.4164	22.1715	0.3729	0.5257	365.4853	558.0893	376.0847	552.5902	23.4762	0.6087	0.5153
2016-12-27 00:21:58.523	1056001403	True	7	376.9176	544.4712	381.3875	549.9708	22.7119	392.7851	548.9074	383.0673	541.8055	22.2753	0.373	0.5255	361.0501	540.0349	375.2986	551.7519	23.1485	0.6087	0.5149
2016-12-27 00:21:58.539	1056001419	True	7	393.9695	540.1725	380.962	549.9118	22.8728	411.739	535.9715	384.5664	541.4821	22.4336	0.3734	0.5252	376.2	544.3735	375.3555	551.1853	23.312	0.6091	0.5149
2016-12-27 00:21:58.556	1056001436	True	7	380.4952	542.4666	380.8762	549.5221	22.9088	384.4671	544.8801	384.5669	541.6571	22.3988	0.3734	0.5249	376.5233	540.0532	375.4319	550.4092	23.4188	0.6093	0.5147
2016-12-27 00:21:58.573	1056001453	True	7	395.0573	539.0629	381.0421	548.9929	22.81315	400.5944	548.2731	385.4709	542.0238	22.2503	0.3736	0.5246	389.5201	529.8527	376.2312	549.0999	23.376	0.6094	0.5147
2016-12-27 00:21:58.589	1056001469	True	7	386.1451	545.2671	381.035	548.6312	22.84325	380.2666	542.7028	385.2517	542.0817	22.3193	0.3736	0.5244	392.0237	547.8313	377.1672	548.8196	23.3672	0.6095	0.5148
2016-12-27 00:21:58.606	1056001486	True	7	387.5849	537.0759	380.9659	548.3401	22.7594	394.2939	530.8533	385.8114	541.4832	22.0006	0.3738	0.5239	380.8759	543.2985	377.478	548.3215	23.5182	0.6096	0.5147
2016-12-27 00:21:58.623	1056001503	True	7	381.8276	534.7444	380.9837	547.9756	22.8497	386.322	533.745	385.9253	541.045	22.3145	0.3739	0.5237	377.3333	535.7437	377.5814	547.4366	23.3849	0.6097	0.5146
2016-12-27 00:21:58.639	1056001519	True	7	387.9745	550.8862	381.0474	547.6328	22.80165	387.6417	543.6782	386.1064	541.1595	22.2967	0.374	0.5236	388.3073	558.0941	378.2806	547.8231	23.3066	0.6099	0.5148
2016-12-27 00:21:58.656	1056001536	True	7	391.5406	539.4573	381.0736	547.3434	22.71185	409.077	548.1273	387.4706	541.5249	22.2673	0.3743	0.5236	374.0043	530.7874	378.172	546.7253	23.1564	0.6098	0.5145
2016-12-27 00:21:58.672	1056001552	True	7	384.6317	541.2322	381.1884	547.0214	22.73545	384.3764	538.1317	387.4529	541.3372	22.1888	0.3741	0.5234	384.887	544.3328	378.6536	546.4101	23.2821	0.61	0.5147
2016-12-27 00:21:58.689	1056001569	True	7	389.5763	545.2937	381.3734	546.6946	22.7815	385.9639	544.3727	387.5092	541.4966	22.2385	0.3742	0.5233	393.1888	546.2147	379.5791	546.2259	23.3245	0.6101	0.5148
2016-12-27 00:21:58.706	1056001586	True	7	371.7523	527.6069	381.2603	546.5084	22.5026	373.864	520.8837	386.8799	540.354	21.7672	0.374	0.5231	369.6405	534.3302	379.1798	545.4109	23.238	0.6099	0.5146
2016-12-27 00:21:58.723	1056001603	True	7	382.8791	527.0957	381.3278	546.17	22.644	391.4702	523.68	387.2131	539.3698	22.0431	0.3741	0.5232	374.2879	530.5114	379.019	544.4129	23.2449	0.6098	0.5146
2016-12-27 00:21:58.739	1056001619	True	7	395.0798	544.1663	381.5386	545.784	22.72585	393.1377	541.3975	387.6251	539.3751	22.1996	0.3741	0.5234	397.0218	546.9351	380.1026	544.3538	23.2521	0.61	0.5148
2016-12-27 00:21:58.822	1056001702	True	7	388.6735	541.9285	381.6872	545.4663	22.6664	392.259	532.8191	387.9755	538.9155	22.223	0.3743	0.5237	385.0879	551.0379	380.508	544.5532	23.1098	0.6101	0.5152
2016-12-27 00:21:58.839	1056001719	True	7	395.6713	531.0248	381.7152	545.3037	22.7805	392.287	515.6548	388.313	537.5166	22.124	0.3743	0.5236	399.0555	546.3948	381.6671	544.5218	23.437	0.6103	0.5152
2016-12-27 00:21:58.856	1056001736	True	7	385.4585	541.5957	381.8837	545.0228	22.68555	390.2132	524.9332	388.5186	536.6475	22.0466	0.3745	0.5236	380.7038	558.2582	381.787	545.1691	23.3245	0.6104	0.5154
2016-12-27 00:21:58.873	1056001753	True	7	376.2505	545.2826	382.0395	544.7694	22.71925	371.381	531.3004	387.6655	536.1528	22.1793	0.3747	0.5237	381.1199	559.2647	381.9065	545.8922	23.2592	0.6106	0.5154
2016-12-27 00:21:58.956	1056001836	True	7	397.74	541.4072	382.2712	544.4672	22.9571	403.1431	543.1117	388.5576	536.338	22.5558	0.3757	0.5241	392.3369	539.7028	382.6245	545.5433	23.3584	0.6115	0.5157
2016-12-27 00:21:58.972	1056001852	True	7	397.1607	542.9996	382.4998	544.2332	22.90775	407.1615	547.3305	389.663	536.7802	22.4514	0.3759	0.5242	387.1599	538.6687	383.0327	545.1481	23.3641	0.6117	0.5157
2016-12-27 00:21:58.989	1056001869	True	7	385.9604	553.6687	382.7454	544.0261	22.9363	392.9204	551.5665	389.9621	537.4782	22.57	0.3761	0.5243	379.0005	555.771	382.9652	545.7105	23.3026	0.6119	0.5159
2016-12-27 00:21:59.006	1056001886	True	7	394.7953	557.9128	383.1245	543.7325	23.06895	392.2667	544.8105	390.2095	537.8174	22.6496	0.3763	0.5243	397.3238	571.0151	383.89	547.1246	23.4883	0.6121	0.5162
2016-12-27 00:21:59.022	1056001902	True	7	394.3199	551.8263	383.447	543.5997	22.67835	400.6403	539.05	390.9019	537.8509	22.3017	0.3765	0.5242	387.9994	564.6025	384.2754	548.1841	23.055	0.6122	0.5161
2016-12-27 00:21:59.039	1056001919	True	7	375.4258	536.6431	383.7642	543.418	22.6643	382.8662	537.1125	390.5895	537.787	22.2907	0.3766	0.5242	367.9854	536.1737	383.5268	547.6611	23.0379	0.6124	0.5159
2016-12-27 00:21:59.055	1056001935	True	7	377.8352	540.0049	383.999	543.3125	22.6017	377.7746	538.1398	389.977	537.7892	22.3716	0.3768	0.5243	377.8957	541.8699	383.3058	547.4429	22.8318	0.6126	0.5161
2016-12-27 00:21:59.072	1056001952	True	7	381.3955	534.0081	384.0165	543.4874	22.71545	391.285	516.4532	390.1	536.5975	22.4712	0.377	0.524	371.506	551.5628	382.7128	547.756	22.9597	0.6128	0.5163
2016-12-27 00:21:59.089	1056001969	True	7	395.7742	551.3218	384.3133	543.2969	22.7757	395.9736	538.1713	390.4703	536.6186	22.4322	0.3773	0.5242	395.5749	564.4722	383.443	548.7751	23.1192	0.6132	0.5164
2016-12-27 00:21:59.105	1056001985	True	7	378.6453	550.787	384.5503	543.1803	22.72295	379.6032	536.7582	389.9225	536.5728	22.2378	0.3774	0.5241	377.6874	564.8159	383.1703	549.801	23.2081	0.6132	0.5164
2016-12-27 00:21:59.122	1056002002	True	7	398.248	553.1031	384.7819	543.1663	22.9784	403.2285	544.6228	390.6758	536.973	22.5105	0.3777	0.5242	393.2674	561.5836	383.7508	550.6274	23.4463	0.6135	0.5165
2016-12-27 00:21:59.139	1056002019	True	7	394.1213	543.0443	384.9694	543.2551	22.9439	404.4146	546.7805	391.4862	537.4998	22.4737	0.3778	0.5243	383.828	539.308	383.7973	550.1973	23.4141	0.6136	0.5164
2016-12-27 00:21:59.155	1056002035	True	7	384.9833	545.3828	385.1838	543.2868	22.8302	395.4334	536.8146	391.7876	537.4788	22.4421	0.3779	0.5242	374.5332	553.9509	383.3207	550.5573	23.2183	0.6136	0.5167
2016-12-27 00:21:59.172	1056002052	True	7	385.0797	544.7882	385.366	543.349	22.687	395.6747	544.8203	392.0895	537.9036	22.2541	0.378	0.5243	374.4847	544.7561	382.8365	550.3859	23.1199	0.6137	0.5167
2016-12-27 00:21:59.188	1056002068	True	7	380.7745	549.4319	385.5403	543.405	22.60645	376.9096	543.9856	391.3399	538.2806	22.1156	0.378	0.5245	384.6395	554.8782	382.9083	550.7551	23.0973	0.6139	0.5169
2016-12-27 00:21:59.206	1056002086	True	7	383.959	549.9095	385.7042	543.467	22.72535	377.569	545.7044	390.6141	538.7526	22.4228	0.378	0.5247	390.349	554.1146	383.2958	551.0628	23.0279	0.614	0.517
2016-12-27 00:21:59.222	1056002102	True	7	388.9193	533.6906	385.8877	543.4475	22.6515	380.5185	531.8777	390.0467	538.4514	22.1768	0.378	0.5248	397.3201	535.5035	384.0697	550.3198	23.1262	0.6141	0.517
2016-12-27 00:21:59.239	1056002119	True	7	382.3832	548.0364	386.0283	543.4616	22.802	374.949	531.6694	389.1691	538.1317	22.1486	0.3781	0.5249	389.8174	564.4033	384.4236	551.1587	23.4554	0.6141	0.5173
2016-12-27 00:21:59.255	1056002135	True	7	386.3383	558.606	386.1514	543.5239	23.0452	383.6121	553.1323	388.773	538.9974	22.6709	0.3782	0.5252	389.0644	564.0797	384.7306	551.9646	23.4195	0.6142	0.5174
2016-12-27 00:21:59.272	1056002152	True	7	397.8047	545.5588	386.2808	543.6424	22.9067	398.1104	551.5739	389.1888	539.7708	22.4776	0.3783	0.5254	397.4991	539.5436	385.4989	551.3924	23.3358	0.6143	0.5174
2016-12-27 00:21:59.289	1056002169	True	7	392.4672	538.6168	386.2777	544.0854	22.5552	406.8156	528.1962	390.0958	539.2363	22.0168	0.3784	0.5251	378.1188	549.0374	385.1829	551.3291	23.0936	0.6143	0.5176
2016-12-27 00:21:59.305	1056002185	True	7	390.0004	545.4781	386.3822	544.2521	22.7845	397.686	545.5295	390.4991	539.6517	22.3911	0.3784	0.5253	382.3148	545.4268	385.0913	551.0526	23.1779	0.6143	0.5175
2016-12-27 00:21:59.322	1056002202	True	7	391.5894	552.3906	386.5256	544.3666	22.91395	393.3571	549.3503	390.6652	540.2698	22.4545	0.3785	0.5254	389.8218	555.431	385.4055	551.3196	23.3734	0.6145	0.5178
2016-12-27 00:21:59.339	1056002219	True	7	380.6719	546.5999	386.66	544.4478	22.82795	388.1972	544.8177	390.5448	540.6229	22.571	0.3785	0.5253	373.1465	548.3819	384.7887	551.1874	23.0849	0.6144	0.5177
2016-12-27 00:21:59.355	1056002235	True	7	389.7498	548.6	386.7346	544.631	22.73185	399.6409	552.7892	391.0576	541.4037	22.3716	0.3785	0.5255	379.8587	544.4109	384.5374	550.8265	23.0921	0.6144	0.5177
2016-12-27 00:21:59.372	1056002252	True	7	387.4247	544.4154	386.8391	544.7542	22.7971	399.0269	547.8672	391.5356	541.895	22.3834	0.3785	0.5255	375.8224	540.9636	384.0595	550.2687	23.2108	0.6143	0.5176
2016-12-27 00:21:59.388	1056002268	True	7	384.3456	546.5287	386.9482	544.8538	22.7697	391.8669	543.7432	391.6126	542.1389	22.3558	0.3784	0.5254	376.8242	549.3143	383.6351	550.1719	23.1836	0.6143	0.5177
2016-12-27 00:21:59.405	1056002285	True	7	393.2333	551.637	387.061	544.9733	23.08225	396.2088	547.9254	391.9249	542.5952	22.5913	0.3784	0.5255	390.2579	555.3486	383.9556	550.4101	23.5732	0.6144	0.5178
2016-12-27 00:21:59.422	1056002302	True	7	399.1903	547.1639	386.9162	545.3055	22.85465	416.8228	549.0781	393.3745	543.0966	22.4087	0.3785	0.5255	381.5578	545.2497	383.7959	550.0907	23.3006	0.6143	0.5176
2016-12-27 00:21:59.438	1056002318	True	7	399.0975	547.0745	387.0561	545.4467	22.9981	404.4425	549.1796	394.1269	543.5824	22.7123	0.3784	0.5255	393.7524	544.9694	384.3137	549.7585	23.2839	0.6143	0.5176
2016-12-27 00:21:59.455	1056002335	True	7	398.3218	549.3987	387.186	545.6083	22.9596	405.067	552.8509	394.8973	544.2518	22.4229	0.3784	0.5255	391.5767	545.9465	384.7128	549.4844	23.4963	0.6142	0.5176
2016-12-27 00:21:59.472	1056002352	True	7	393.9326	551.0393	387.2785	545.7888	23.04855	403.0871	557.2574	395.5386	545.1391	22.7133	0.3784	0.5255	384.7781	544.8212	384.7337	549.1541	23.3838	0.6141	0.5175
2016-12-27 00:21:59.488	1056002368	True	7	396.1895	553.9454	387.3996	545.974	22.94655	408.579	554.5548	396.4617	545.8522	22.5618	0.3784	0.5255	383.8	553.3359	384.7004	549.3049	23.3313	0.6142	0.5177
2016-12-27 00:21:59.505	1056002385	True	7	391.874	549.8588	387.553	546.1487	23.1824	398.7559	553.1511	396.8138	546.4586	22.8199	0.3784	0.5255	384.992	546.5665	384.7313	549.0909	23.5449	0.6142	0.5176
2016-12-27 00:21:59.522	1056002402	True	7	399.7097	546.7408	387.8142	546.2981	23.02585	403.7652	549.4536	397.4145	546.8317	22.672	0.3784	0.5254	395.6541	544.0281	385.3505	548.7443	23.3797	0.6142	0.5177
2016-12-27 00:21:59.538	1056002418	True	7	400.4951	548.8738	388.02	546.4509	22.83935	407.9177	557.1109	398.2184	547.5988	22.5665	0.3784	0.5255	393.0726	540.6366	385.8233	548.2198	23.1122	0.6142	0.5177
2016-12-27 00:21:59.555	1056002435	True	7	409.1146	541.5813	388.6647	546.5688	23.0832	404.8546	542.1342	398.8202	547.5049	22.6894	0.3784	0.5254	413.3746	541.0284	387.4148	547.7294	23.477	0.6144	0.5178
2016-12-27 00:21:59.571	1056002451	True	7	401.3929	566.2894	389.3516	546.7163	23.05195	410.7824	557.1779	399.7192	548.2159	22.5244	0.3784	0.5255	392.0034	575.4009	387.8109	549.156	23.5795	0.6142	0.5182
2016-12-27 00:21:59.588	1056002468	True	7	402.567	558.1169	390.0647	546.8603	23.21245	407.209	546.6504	400.3841	548.315	22.7475	0.3784	0.5254	397.9251	569.5834	388.5208	550.2712	23.6774	0.6142	0.5181
MSG	2016-12-27 00:22:04.629	1056002468	image_off
MSG	2016-12-27 00:22:04.659	1056002468	stop_recording
